{"name":"7bd93fae-2749-41d9-b4bb-fc568aa4239e","id":"/providers/Microsoft.Flow/flows/7bd93fae-2749-41d9-b4bb-fc568aa4239e","type":"Microsoft.Flow/flows","properties":{"apiId":"/providers/Microsoft.PowerApps/apis/shared_logicflows","displayName":"Weekly Retrieve Images","definition":{"metadata":{"workflowEntityId":null,"processAdvisorMetadata":null,"flowChargedByPaygo":null,"flowclientsuspensionreason":"None","flowclientsuspensiontime":null,"flowclientsuspensionreasondetails":null,"creator":{"id":"e3825b7a-3c9d-4681-aace-8b8db08efdde","type":"User","tenantId":"911d494e-d02e-45a9-8035-162a18796894"},"provisioningMethod":"FromDefinition","failureAlertSubscription":true,"clientLastModifiedTime":"2024-12-01T17:36:44.4179647Z","connectionKeySavedTimeKey":"2024-12-01T17:36:44.4179647Z"},"$schema":"https://schema.management.azure.com/providers/Microsoft.Logic/schemas/2016-06-01/workflowdefinition.json#","contentVersion":"1.0.0.0","parameters":{"$authentication":{"defaultValue":{},"type":"SecureObject"},"$connections":{"defaultValue":{},"type":"Object"}},"triggers":{"Recurrence":{"recurrence":{"frequency":"Week","interval":1,"timeZone":"Central European Standard Time","schedule":{"weekDays":["Sunday"],"hours":["12"],"minutes":[10]}},"metadata":{"operationMetadataId":"f831f9ab-42b4-4eba-b5cd-8c2ac7d7d69f"},"type":"Recurrence"}},"actions":{"Try":{"actions":{"List_rows":{"metadata":{"operationMetadataId":"c84d7d75-bc63-4f20-8103-3fa3198b6ab3"},"type":"OpenApiConnection","inputs":{"parameters":{"entityName":"crf7f_terrains","$select":"crf7f_polygon_id"},"host":{"apiId":"/providers/Microsoft.PowerApps/apis/shared_commondataserviceforapps","connectionName":"shared_commondataserviceforapps","operationId":"ListRecords"},"authentication":"@parameters('$authentication')"}},"Apply_to_each_-_loop_through_polygons":{"foreach":"@outputs('List_rows')?['body/value']","actions":{"Agromonitoring_URL_Request":{"metadata":{"operationMetadataId":"a1d1000c-b67d-4f18-8397-8af55905d107"},"type":"Http","inputs":{"uri":"http://api.agromonitoring.com/agro/1.0/image/search?","method":"GET","queries":{"polygon_id":"@{item()?['crf7f_polygon_id']}","start":"@{div(sub(ticks(addDays(utcNow(), -7)), ticks('1970-01-01T00:00:00Z')), 10000000)}","end":"@{div(sub(ticks(utcNow()), ticks('1970-01-01T00:00:00Z')), 10000000)}","appid":"0a8b7954e5e16ed64bb5bfad33ae4a63"}},"runtimeConfiguration":{"contentTransfer":{"transferMode":"Chunked"}}},"Parse_JSON":{"runAfter":{"Agromonitoring_URL_Request":["Succeeded"]},"metadata":{"operationMetadataId":"2cce874f-9058-4c6d-a3b6-9e744e3b50df"},"type":"ParseJson","inputs":{"content":"@body('Agromonitoring_URL_Request')","schema":{"type":"array","items":{"type":"object","properties":{"dt":{"type":"integer"},"type":{"type":"string"},"dc":{"type":"integer"},"cl":{"type":"number"},"sun":{"type":"object","properties":{"elevation":{"type":"number"},"azimuth":{"type":"number"}}},"image":{"type":"object","properties":{"truecolor":{"type":"string"},"falsecolor":{"type":"string"},"ndvi":{"type":"string"},"evi":{"type":"string"},"evi2":{"type":"string"},"nri":{"type":"string"},"dswi":{"type":"string"},"ndwi":{"type":"string"}}},"tile":{"type":"object","properties":{"truecolor":{"type":"string"},"falsecolor":{"type":"string"},"ndvi":{"type":"string"},"evi":{"type":"string"},"evi2":{"type":"string"},"nri":{"type":"string"},"dswi":{"type":"string"},"ndwi":{"type":"string"}}},"stats":{"type":"object","properties":{"ndvi":{"type":"string"},"evi":{"type":"string"},"evi2":{"type":"string"},"nri":{"type":"string"},"dswi":{"type":"string"},"ndwi":{"type":"string"}}},"data":{"type":"object","properties":{"truecolor":{"type":"string"},"falsecolor":{"type":"string"},"ndvi":{"type":"string"},"evi":{"type":"string"},"evi2":{"type":"string"},"nri":{"type":"string"},"dswi":{"type":"string"},"ndwi":{"type":"string"}}}},"required":["dt","type","dc","cl","sun","image","tile","stats","data"]}}}},"Apply_to_each_-_retrieve_image_and_insert_a_row_with_data":{"foreach":"@body('Parse_JSON')","actions":{"Agromonitoring_Image_Request":{"metadata":{"operationMetadataId":"e17ac365-08f3-4cf8-b168-2a0d73a78b4a"},"type":"Http","inputs":{"uri":"@concat(item()?['image']?['truecolor'],'&paletteid=1.png')","method":"GET"},"runtimeConfiguration":{"contentTransfer":{"transferMode":"Chunked"}}},"Add_a_new_row":{"runAfter":{"Agromonitoring_Image_Request":["Succeeded"]},"metadata":{"operationMetadataId":"87cee6bc-1816-4331-93a0-caa6577eb761"},"type":"OpenApiConnection","inputs":{"parameters":{"entityName":"crf7f_photos","item/crf7f_polygon_id":"@items('Apply_to_each_-_loop_through_polygons')?['crf7f_polygon_id']","item/crf7f_date_photo_taken":"@formatDateTime(addSeconds('1970-01-01T00:00:00Z', int(item()['dt'])), 'yyyy-MM-ddTHH:mm:ss')","item/crf7f_image":"@base64(body('Agromonitoring_Image_Request'))","item/crf7f_perc_cloud_coverage":"@item()['cl']","item/crf7f_photo_api_call":"@item()?['image']?['truecolor']","item/crf7f_record_created_on":"@formatDateTime(utcNow(), 'yyyy-MM-ddTHH:mm:ss')","item/crf7f_satellite":"@item()?['type']"},"host":{"apiId":"/providers/Microsoft.PowerApps/apis/shared_commondataserviceforapps","connectionName":"shared_commondataserviceforapps","operationId":"CreateRecord"},"authentication":"@parameters('$authentication')"}}},"runAfter":{"Parse_JSON":["Succeeded"]},"metadata":{"operationMetadataId":"a25f84f3-5f03-4843-ad5a-1bb2ba203084"},"type":"Foreach"}},"runAfter":{"List_rows":["Succeeded"]},"metadata":{"operationMetadataId":"d74d9c85-9878-4e6e-aaf5-eba19e38bd21"},"type":"Foreach"}},"runAfter":{},"metadata":{"operationMetadataId":"2720acba-8b05-4152-a62f-f1ef8ef38d91"},"type":"Scope"},"Catch":{"actions":{"Terminate":{"runAfter":{"Log":["Succeeded"]},"type":"Terminate","inputs":{"runStatus":"Failed","runError":{"message":"Main flow failed. Error details logged."}}},"Log":{"foreach":"@body('Filter_array')","actions":{"Log_an_error":{"type":"OpenApiConnection","inputs":{"parameters":{"entityName":"crf7f_errors","item/crf7f_name":"Daily Retrieve Conditions","item/crf7f_action":"@items('Log')?['name']","item/crf7f_error_message":"@items('Log')?['error']?['message']","item/crf7f_status":"@items('Log')?['Status']","item/crf7f_timestamp":"@formatDateTime(utcNow(), 'yyyy-MM-ddTHH:mm:ss')"},"host":{"apiId":"/providers/Microsoft.PowerApps/apis/shared_commondataserviceforapps","connectionName":"shared_commondataserviceforapps","operationId":"CreateRecord"},"authentication":"@parameters('$authentication')"}}},"runAfter":{"Filter_array":["Succeeded"]},"type":"Foreach"},"Filter_array":{"type":"Query","inputs":{"from":"@result('Try')","where":"@or(equals(item()?['Status'],'Failed'),equals(item()?['Status'],'Timed out'))"}}},"runAfter":{"Try":["Failed","TimedOut"]},"type":"Scope"}},"outputs":{}},"connectionReferences":{"shared_commondataserviceforapps":{"connectionName":"shared-commondataser-a8834d8e-abdf-40d2-833e-edfe95f4ee23","source":"Embedded","id":"/providers/Microsoft.PowerApps/apis/shared_commondataserviceforapps","tier":"NotSpecified"}},"flowFailureAlertSubscribed":false,"isManaged":false}}