{"name":"8659b7a8-ce86-4bfa-b76e-cf224dd0ac1f","id":"/providers/Microsoft.Flow/flows/8659b7a8-ce86-4bfa-b76e-cf224dd0ac1f","type":"Microsoft.Flow/flows","properties":{"apiId":"/providers/Microsoft.PowerApps/apis/shared_logicflows","displayName":"Daily Retrieve Conditions","definition":{"metadata":{"workflowEntityId":null,"processAdvisorMetadata":null,"flowChargedByPaygo":null,"flowclientsuspensionreason":"None","flowclientsuspensiontime":null,"flowclientsuspensionreasondetails":null,"creator":{"id":"e3825b7a-3c9d-4681-aace-8b8db08efdde","type":"User","tenantId":"911d494e-d02e-45a9-8035-162a18796894"},"provisioningMethod":"FromDefinition","failureAlertSubscription":true,"clientLastModifiedTime":"2024-12-01T17:17:12.1043704Z","connectionKeySavedTimeKey":"2024-12-01T17:17:12.1043704Z"},"$schema":"https://schema.management.azure.com/providers/Microsoft.Logic/schemas/2016-06-01/workflowdefinition.json#","contentVersion":"undefined","parameters":{"$authentication":{"defaultValue":{},"type":"SecureObject"},"$connections":{"defaultValue":{},"type":"Object"}},"triggers":{"Recurrence":{"recurrence":{"interval":1,"frequency":"Day","timeZone":"Central European Standard Time","schedule":{"hours":["12"],"minutes":[2]}},"type":"Recurrence","conditions":[]}},"actions":{"Try":{"actions":{"List_rows":{"type":"OpenApiConnection","inputs":{"parameters":{"entityName":"crf7f_terrains","$select":"crf7f_polygon_id,crf7f_lat,crf7f_lon"},"host":{"apiId":"/providers/Microsoft.PowerApps/apis/shared_commondataserviceforapps","connectionName":"shared_commondataserviceforapps","operationId":"ListRecords"},"authentication":"@parameters('$authentication')"}},"For_each":{"foreach":"@body('List_rows')?['value']","actions":{"Apply_to_each":{"foreach":"@body('List_rows')?['value']","actions":{"Soil_API":{"type":"Http","inputs":{"uri":"http://api.agromonitoring.com/agro/1.0/soil","method":"GET","queries":{"appid":"0a8b7954e5e16ed64bb5bfad33ae4a63","polyid":"@{items('For_each')?['crf7f_polygon_id']}"}},"runtimeConfiguration":{"contentTransfer":{"transferMode":"Chunked"}}},"Parse_JSON_soil":{"runAfter":{"Soil_API":["Succeeded"]},"type":"ParseJson","inputs":{"content":"@body('Soil_API')","schema":{"type":"object","properties":{"dt":{"type":"integer"},"t10":{"type":"number"},"moisture":{"type":"number"},"t0":{"type":"number"}}}}},"Weather_API":{"type":"Http","inputs":{"uri":"https://api.agromonitoring.com/agro/1.0/weather","method":"GET","queries":{"appid":"0a8b7954e5e16ed64bb5bfad33ae4a63","lat":"@{items('For_each')?['crf7f_lat']}","lon":"@{items('For_each')?['crf7f_lon']}"}},"runtimeConfiguration":{"contentTransfer":{"transferMode":"Chunked"}}},"Parse_JSON_weather":{"runAfter":{"Weather_API":["Succeeded"]},"type":"ParseJson","inputs":{"content":"@body('Weather_API')","schema":{"type":"object","properties":{"dt":{"type":"integer"},"weather":{"type":"array","items":{"type":"object","properties":{"id":{"type":"integer"},"Main":{"type":"string"},"description":{"type":"string"},"icon":{"type":"string"}},"required":["id","main","description","icon"]}},"Main":{"type":"object","properties":{"temp":{"type":"number"},"feels_like":{"type":"number"},"temp_min":{"type":"number"},"temp_max":{"type":"number"},"pressure":{"type":"integer"},"humidity":{"type":"integer"}}},"wind":{"type":"object","properties":{"speed":{"type":"number"},"deg":{"type":"integer"},"gust":{"type":"number"}}},"clouds":{"type":"object","properties":{"all":{"type":"integer"}}}}}}},"Set_variable_SoilData":{"runAfter":{"Parse_JSON_soil":["Succeeded"]},"type":"SetVariable","inputs":{"name":"SoilData","value":"@body('Parse_JSON_soil')"}},"Set_variable_WeatherData":{"runAfter":{"Parse_JSON_weather":["Succeeded"]},"type":"SetVariable","inputs":{"name":"WeatherData","value":"@body('Parse_JSON_weather')"}}},"type":"Foreach"},"Add_a_new_row":{"runAfter":{"Apply_to_each":["Succeeded"]},"type":"OpenApiConnection","inputs":{"parameters":{"entityName":"crf7f_conditionses","item/crf7f_polygon_id":"@items('For_each')?['crf7f_polygon_id']","item/crf7f_air_humidity":"@variables('WeatherData')?['main']?['humidity']","item/crf7f_air_temperature_c":"@sub(variables('WeatherData')?['main']?['temp'], 273.15)","item/crf7f_clouds":"@variables('WeatherData')?['clouds']?['all']","item/crf7f_feels_like":"@sub(variables('WeatherData')?['main']?['feels_like'], 273.15)","item/crf7f_rain_3h":"@coalesce(variables('WeatherData')?['rain']?['3h'], 0)","item/crf7f_snow_3h":"@coalesce(variables('WeatherData')?['snow']?['3h'], 0)","item/crf7f_soil_conditions_date":"@formatDateTime(addSeconds('1970-01-01T00:00:00Z', int(variables('SoilData')?['dt'])), 'yyyy-MM-ddTHH:mm:ssZ')","item/crf7f_soil_moisture":"@variables('SoilData')?['moisture']","item/crf7f_soil_surface_temp_c":"@sub(variables('SoilData')?['t0'], 273.15)","item/crf7f_soil_temp_10_c":"@sub(variables('SoilData')?['t10'], 273.15)","item/crf7f_weather_conditions_date":"@formatDateTime(addSeconds('1970-01-01T00:00:00Z', int(variables('WeatherData')?['dt'])), 'yyyy-MM-ddTHH:mm:ssZ')","item/crf7f_weather_description":"@coalesce(variables('WeatherData')?['weather']?[0]?['description'], 'No description')","item/crf7f_weather_icon":"@coalesce(variables('WeatherData')?['weather']?[0]?['icon'], 'No icon')"},"host":{"apiId":"/providers/Microsoft.PowerApps/apis/shared_commondataserviceforapps","connectionName":"shared_commondataserviceforapps","operationId":"CreateRecord"},"authentication":"@parameters('$authentication')"}}},"runAfter":{"List_rows":["Succeeded"]},"type":"Foreach"}},"runAfter":{"Initialize_variable_WeatherData":["Succeeded"]},"type":"Scope"},"Initialize_variable_MergedData":{"runAfter":{},"type":"InitializeVariable","inputs":{"variables":[{"name":"MergedData","type":"object","value":{}}]}},"Initialize_variable_SoilData":{"runAfter":{"Initialize_variable_MergedData":["Succeeded"]},"type":"InitializeVariable","inputs":{"variables":[{"name":"SoilData","type":"object","value":{}}]}},"Initialize_variable_WeatherData":{"runAfter":{"Initialize_variable_SoilData":["Succeeded"]},"type":"InitializeVariable","inputs":{"variables":[{"name":"WeatherData","type":"object","value":{}}]}},"Catch":{"actions":{"Terminate":{"runAfter":{"Log":["Succeeded"]},"type":"Terminate","inputs":{"runStatus":"Failed","runError":{"message":"Main flow failed. Error details logged."}}},"Filter_array":{"type":"Query","inputs":{"from":"@result('Try')","where":"@or(equals(item()?['Status'],'Failed'),equals(item()?['Status'],'Timed out'))"}},"Log":{"foreach":"@body('Filter_array')","actions":{"Log_an_error":{"type":"OpenApiConnection","inputs":{"parameters":{"entityName":"crf7f_errors","item/crf7f_name":"Daily Retrieve Conditions","item/crf7f_action":"@items('Log')?['name']\r\n","item/crf7f_error_message":"@items('Log')?['error']?['message']","item/crf7f_status":"@items('Log')?['Status']","item/crf7f_timestamp":"@formatDateTime(utcNow(), 'yyyy-MM-ddTHH:mm:ss')"},"host":{"apiId":"/providers/Microsoft.PowerApps/apis/shared_commondataserviceforapps","connectionName":"shared_commondataserviceforapps","operationId":"CreateRecord"},"authentication":"@parameters('$authentication')"}}},"runAfter":{"Filter_array":["Succeeded"]},"type":"Foreach"}},"runAfter":{"Try":["TimedOut","Failed"]},"type":"Scope"}}},"connectionReferences":{"shared_commondataserviceforapps":{"connectionName":"shared-commondataser-a8834d8e-abdf-40d2-833e-edfe95f4ee23","source":"Embedded","id":"/providers/Microsoft.PowerApps/apis/shared_commondataserviceforapps","tier":"NotSpecified"}},"flowFailureAlertSubscribed":false,"isManaged":false}}