{"name":"903c458d-872c-425f-ada7-eeef07638e97","id":"/providers/Microsoft.Flow/flows/903c458d-872c-425f-ada7-eeef07638e97","type":"Microsoft.Flow/flows","properties":{"apiId":"/providers/Microsoft.PowerApps/apis/shared_logicflows","displayName":"Daily Retrieve Polygons","definition":{"metadata":{"workflowEntityId":null,"processAdvisorMetadata":null,"flowChargedByPaygo":null,"flowclientsuspensionreason":"None","flowclientsuspensiontime":null,"flowclientsuspensionreasondetails":null,"creator":{"id":"e3825b7a-3c9d-4681-aace-8b8db08efdde","type":"User","tenantId":"911d494e-d02e-45a9-8035-162a18796894"},"provisioningMethod":"FromDefinition","failureAlertSubscription":true,"clientLastModifiedTime":"2024-12-01T20:53:48.7239751Z","connectionKeySavedTimeKey":"2024-12-01T20:53:48.7239751Z"},"$schema":"https://schema.management.azure.com/providers/Microsoft.Logic/schemas/2016-06-01/workflowdefinition.json#","contentVersion":"1.0.0.0","parameters":{"$authentication":{"defaultValue":{},"type":"SecureObject"},"$connections":{"defaultValue":{},"type":"Object"}},"triggers":{"Recurrence":{"recurrence":{"interval":1,"frequency":"Day","timeZone":"Central European Standard Time","schedule":{"hours":["12"],"minutes":[0]}},"type":"Recurrence"}},"actions":{"Try":{"actions":{"Request_Polygon_IDs":{"type":"Http","inputs":{"uri":"http://api.agromonitoring.com/agro/1.0/polygons?","method":"GET","queries":{"appid":"0a8b7954e5e16ed64bb5bfad33ae4a63"}},"runtimeConfiguration":{"contentTransfer":{"transferMode":"Chunked"}}},"Parse_JSON_-_IDs":{"runAfter":{"Request_Polygon_IDs":["Succeeded"]},"type":"ParseJson","inputs":{"content":"@body('Request_Polygon_IDs')","schema":{"type":"array","items":{"type":"object","properties":{"id":{"type":"string"},"geo_json":{"type":"object","properties":{"type":{"type":"string"},"properties":{"type":"object","properties":{}},"geometry":{"type":"object","properties":{"type":{"type":"string"},"coordinates":{"type":"array","items":{"type":"array","items":{"type":"array","items":{"type":"number"}}}}}}}},"name":{"type":"string"},"center":{"type":"array","items":{"type":"number"}},"area":{"type":"number"},"user_id":{"type":"string"}},"required":["id","geo_json","name","center","area","user_id"]}}}},"List_rows":{"runAfter":{"Parse_JSON_-_IDs":["Succeeded"]},"type":"OpenApiConnection","inputs":{"parameters":{"entityName":"crf7f_terrains","$select":"crf7f_polygon_id"},"host":{"apiId":"/providers/Microsoft.PowerApps/apis/shared_commondataserviceforapps","connectionName":"shared_commondataserviceforapps","operationId":"ListRecords"},"authentication":"@parameters('$authentication')"}},"For_each":{"foreach":"@outputs('Parse_JSON_-_IDs')['body']","actions":{"Condition":{"actions":{},"else":{"actions":{"Add_a_new_row":{"type":"OpenApiConnection","inputs":{"parameters":{"entityName":"crf7f_terrains","item/crf7f_polygon_id":"@items('For_each')?['id']","item/crf7f_area":"@items('For_each')?['area']","item/crf7f_lat":"@item()['center'][1]","item/crf7f_lon":"@item()['center'][0]","item/crf7f_polygon_name":"@item()['name']","item/crf7f_record_created_on":"@formatDateTime(utcNow(), 'yyyy-MM-ddTHH:mm:ss')"},"host":{"apiId":"/providers/Microsoft.PowerApps/apis/shared_commondataserviceforapps","connectionName":"shared_commondataserviceforapps","operationId":"CreateRecord"},"authentication":"@parameters('$authentication')"}}}},"expression":{"and":[{"contains":["@join(outputs('List_rows')?['body/value'], ',')","@item()?['id']"]}]},"type":"If"}},"runAfter":{"List_rows":["Succeeded"]},"type":"Foreach"}},"runAfter":{},"type":"Scope"},"Catch":{"actions":{"Terminate":{"runAfter":{"Log":["Succeeded"]},"type":"Terminate","inputs":{"runStatus":"Failed","runError":{"message":"Main flow failed. Error details logged."}}},"Log":{"foreach":"@body('Filter_array')","actions":{"Log_an_error":{"type":"OpenApiConnection","inputs":{"parameters":{"entityName":"crf7f_errors","item/crf7f_name":"Daily Retrieve Conditions","item/crf7f_action":"@items('Log')?['name']","item/crf7f_error_message":"@items('Log')?['error']?['message']","item/crf7f_status":"@items('Log')?['Status']","item/crf7f_timestamp":"@formatDateTime(utcNow(), 'yyyy-MM-ddTHH:mm:ss')"},"host":{"apiId":"/providers/Microsoft.PowerApps/apis/shared_commondataserviceforapps","connectionName":"shared_commondataserviceforapps","operationId":"CreateRecord"},"authentication":"@parameters('$authentication')"}}},"runAfter":{"Filter_array":["Succeeded"]},"type":"Foreach"},"Filter_array":{"type":"Query","inputs":{"from":"@result('Try')","where":"@or(equals(item()?['Status'],'Failed'),equals(item()?['Status'],'Timed out'))"}}},"runAfter":{"Try":["TimedOut","Failed"]},"type":"Scope"}},"outputs":{}},"connectionReferences":{"shared_commondataserviceforapps":{"connectionName":"shared-commondataser-a8834d8e-abdf-40d2-833e-edfe95f4ee23","source":"Embedded","id":"/providers/Microsoft.PowerApps/apis/shared_commondataserviceforapps","tier":"NotSpecified"}},"flowFailureAlertSubscribed":false,"isManaged":false}}